<!-- =========================================================================== -->
<!-- Four_Seasons_Config -->
<!-- Author: sharpNd -->
<!-- 2022-07-23 -->
<!-- Version 0.5 -->
<!-- =========================================================================== -->


<?xml version="1.0" encoding="utf-8"?>
<GameInfo>
	<Parameters>
		<Replace ParameterId="iSeasonLength" Name="LOC_FOUR_SEASONS_SEASON_LENGTH" Description="LOC_FOUR_SEASONS_SEASON_LENGTH_DESCRIPTION" Domain="iSeasonLength" DefaultValue="10" ConfigurationGroup="Game" ConfigurationId="iSeasonLength" GroupId="GameOptions" SortIndex="45"/>
	</Parameters>
	<DomainRanges>
		<!-- Don't set MinimumValue to below 3 or you will encounter issues -->
		<Replace Domain="iSeasonLength" MinimumValue="5" MaximumValue="25"/>
	</DomainRanges>

	<Parameters>
		<Replace ParameterId="iSeverityBias" Name="LOC_FOUR_SEASONS_SEVERITY_BIAS" Description="LOC_FOUR_SEASONS_SEVERITY_BIAS_DESCRIPTION" Domain="iSeverityBias" DefaultValue="3" ConfigurationGroup="Game" ConfigurationId="iSeverityBias" GroupId="GameOptions" SortIndex="45"/>
	</Parameters>
	<DomainRanges>
		<Replace Domain="iSeverityBias" MinimumValue="1" MaximumValue="5"/>
	</DomainRanges>

	<Parameters>
		<Replace ParameterId="bTimeOfDayBasedOnSeason" Name="LOC_FOUR_SEASONS_ANIMATE_TIME_OF_DAY" Description="LOC_FOUR_SEASONS_ANIMATE_TIME_OF_DAY_DESCRIPTION" Domain="bool" DefaultValue="1" ConfigurationGroup="Game" ConfigurationId="bTimeOfDayBasedOnSeason" GroupId="GameOptions" SortIndex="45"/>
	</Parameters>
</GameInfo>